{"_timestamp": 1636990100, "_runtime": 23, "eval/": {"timesteps": 0, "returns": -146.17011435822178}, "train/": {"critic_loss": 0.0007909019477665424, "critic": -0.05916678532958031}, "_step": 1}