{"_runtime": 43, "train/": {"critic_loss": 0.006227875128388405, "critic": 0.000672486494295299}, "eval/": {"timesteps": 0, "returns": -136.75790811668932}, "_timestamp": 1636990178, "_step": 1020}